residuals,objectives
1.0,0.0
1.4137893831402304,-6.270453059395193e6
5.097181668952244e-12,-1.3937823856456762e10
