residuals,objectives
1.0,0.0
1.4137893831402337,-6.270453059395199e6
