residuals,objectives
1.0,0.0
1.413789383140234,-6.270453059395198e6
1.4015187674300668e-11,-1.3937823856365793e10
