residuals,objectives
1.0,0.0
1.413789383140229693359957166147413206084,-6.270453059395190438982053438092663529205e+06
3.745387063039496518630774131188857453389e-34,-1.39378238563657107943485706906759818098e+10
