residuals,objectives
1.0,0.0
1.413789383140229693359957166147413207201,-6.270453059395190438982053438092663532829e+06
2.983847028882378961229703958861925573785e-33,-1.393782385636571079434857069067603171321e+10
