residuals,objectives
1.0,0.0
1.413789383140229693359957166147413206084,-6.270453059395190438982053438092663529181e+06
