residuals,objectives
1.0,0.0
1.413789383140229693359957166147413206020000316610549083316619634426555374511202,-6.27045305939519043898205343809266352918405676751619322767083630593763147321792e+06
2.804418974477331524740988448072205388277273421803724240339278810005004263372331e-72,-1.393782385636571079434857069067598180980150495889511781490485931479231912420171e+10
