residuals,objectives
1.0,0.0
1.413789383140229693359957166147413206020000316610549083316619634426555374511202,-6.270453059395190438982053438092663529184056767516193227670836305937631473217847e+06
