residuals,objectives
1.0,0.0
1.41378938314022969335995716614741320602000031661054908331661963442655537451217,-6.270453059395190438982053438092663529184056767516193227670836305937631473219369e+06
4.759576384252768701775541714540683597466965054780302299097821519135348535496039e-72,-1.393782385636571079434857069067598180980150495889511781490485931479231913476894e+10
